,santafe,millonarios,nacional,america
fecha1,0.239,0.255,0.245,0.161
fecha2,0.24515,0.25095,0.25745,0.5382
fecha3,0.302156,0.38876,0.2653325,0.918964
fecha4,0.44907605,0.56097555,0.314331675,1.32664435
fecha5,0.637069289,0.645121883,0.330048259,1.02151615
fecha6,0.656181368,0.741890165,0.346550672,0.786567435
fecha7,0.675866809,0.85317369,0.363878205,0.605656925
fecha8,0.696142813,0.981149743,0.382072116,0.466355832
