fecha1,fecha2,fecha3,fecha4,fecha5,fecha6,fecha7,fecha8
0.035,0.0239,0.024515,0.0302156,0.044907605,0.063706929,0.065618137,0.067586681
0.15,0.153,0.15057,0.233256,0.33658533,0.382241573,0.393708821,0.405520085
0.054,0.0441,0.046341,0.04775985,0.056579702,0.114672472,0.118112646,0.121656026
0.015,0.02415,0.08073,0.1378446,0.198996653,0.095560393,0.098427205,0.101380021
0.239,0.24515,0.302156,0.44907605,0.637069289,0.656181368,0.675866809,0.696142813
