fechass,santafe,millonarios,nacional,america
fecha1,0.24515,0.25095,0.25745,0.16745
fecha2,0.2465435,0.2589975,0.2653325,0.1726265
fecha3,0.253706675,0.264536175,0.271695425,0.176738225
fecha4,0.259508283,0.304216601,0.285280196,0.136088433
fecha5,0.267293531,0.349849091,0.299544206,0.104788094
fecha6,0.275312337,0.402326455,0.314521416,0.080686832
fecha7,0.283571707,0.462675423,0.330247487,0.062128861
